symbol,url
EURUSD,https://www.myfxbook.com/community/outlook/EURUSD
GBPUSD,https://www.myfxbook.com/community/outlook/GBPUSD
USDJPY,https://www.myfxbook.com/community/outlook/USDJPY
GBPJPY,https://www.myfxbook.com/community/outlook/GBPJPY
USDCAD,https://www.myfxbook.com/community/outlook/USDCAD
EURAUD,https://www.myfxbook.com/community/outlook/EURAUD
EURJPY,https://www.myfxbook.com/community/outlook/EURJPY
AUDCAD,https://www.myfxbook.com/community/outlook/AUDCAD
AUDJPY,https://www.myfxbook.com/community/outlook/AUDJPY
AUDNZD,https://www.myfxbook.com/community/outlook/AUDNZD
AUDUSD,https://www.myfxbook.com/community/outlook/AUDUSD
CADJPY,https://www.myfxbook.com/community/outlook/CADJPY
EURCAD,https://www.myfxbook.com/community/outlook/EURCAD
EURCHF,https://www.myfxbook.com/community/outlook/EURCHF
EURGBP,https://www.myfxbook.com/community/outlook/EURGBP
EURNZD,https://www.myfxbook.com/community/outlook/EURNZD
GBPCAD,https://www.myfxbook.com/community/outlook/GBPCAD
GBPCHF,https://www.myfxbook.com/community/outlook/GBPCHF
NZDCAD,https://www.myfxbook.com/community/outlook/NZDCAD
NZDJPY,https://www.myfxbook.com/community/outlook/NZDJPY
NZDUSD,https://www.myfxbook.com/community/outlook/NZDUSD
USDCHF,https://www.myfxbook.com/community/outlook/USDCHF
CHFJPY,https://www.myfxbook.com/community/outlook/CHFJPY
AUDCHF,https://www.myfxbook.com/community/outlook/AUDCHF
GBPNZD,https://www.myfxbook.com/community/outlook/GBPNZD
NZDCHF,https://www.myfxbook.com/community/outlook/NZDCHF
CADCHF,https://www.myfxbook.com/community/outlook/CADCHF
GBPAUD,https://www.myfxbook.com/community/outlook/GBPAUD
XAGUSD,https://www.myfxbook.com/community/outlook/XAGUSD
XAGAUD,https://www.myfxbook.com/community/outlook/XAGAUD
XAUUSD,https://www.myfxbook.com/community/outlook/XAUUSD
XAUEUR,https://www.myfxbook.com/community/outlook/XAUEUR
XAUAUD,https://www.myfxbook.com/community/outlook/XAUAUD
XAUGBP,https://www.myfxbook.com/community/outlook/XAUGBP
XAUCHF,https://www.myfxbook.com/community/outlook/XAUCHF
